{"tax_rate":0.15,"input_prices":[12,20,50,99],"tax_included_prices":{"12.00":13.799999999999999,"20.00":23,"50.00":57.49999999999999,"99.00":113.85}}
