{"IOManager":{"InputFilePath":"prices.txt","OutputFilePath":"results_15.json"},"TaxRate":0.15,"InputPrices":[12,20,50,99],"TaxIncludedPrices":{"12.00":13.799999999999999,"20.00":23,"50.00":57.49999999999999,"99.00":113.85}}
