{"IOManager":{"InputFilePath":"prices.txt","OutputFilePath":"results_10.json"},"TaxRate":0.1,"InputPrices":[12,20,50,99],"TaxIncludedPrices":{"12.00":13.200000000000001,"20.00":22,"50.00":55.00000000000001,"99.00":108.9}}
