{"tax_rate":0.1,"input_prices":[12,20,50,99],"tax_included_prices":{"12.00":13.200000000000001,"20.00":22,"50.00":55.00000000000001,"99.00":108.9}}
